last name,first name,group,country,tw_handle,SocialInfluence,PoliticalInfluence,Green Deal Influence Total
EICKHOUT,Bas,Group of the Greens/European Free Alliance,Netherlands,@BasEickhout,93.87,100,97
CANFIN,Pascal,Renew Europe Group,France,@pcanfin,99.36,88.06,94
NIINISTÖ,Ville,Group of the Greens/European Free Alliance,Finland,@VilleNiinisto,99.38,54.38,77
GUTELAND,Jytte,Group of the Progressive Alliance of Socialists and Democrats in the European Parliament,Sweden,@JytteGuteland,62.09,91.51,77
KARLESKIND,Pierre,Renew Europe Group,France,@Pierre_Ka,86.98,62.86,75
DELLI,Karima,Group of the Greens/European Free Alliance,France,@KarimaDelli,98.58,48.81,74
KATAINEN,Elsi,Renew Europe Group,Finland,@ElsiKatainen,74.31,68.97,72
CUFFE,Ciarán,Group of the Greens/European Free Alliance,Ireland,@CiaranCuffe,92.87,48.81,71
EVI,Eleonora,Non-attached Members,Italy,@EleonoraEvi,86.3,53.05,70
LUENA,César,Group of the Progressive Alliance of Socialists and Democrats in the European Parliament,Spain,@cesarluena,83.46,55.17,69
JADOT,Yannick,Group of the Greens/European Free Alliance,France,@yjadot,98.93,39.52,69
TORVALDS,Nils,Renew Europe Group,Finland,@NilsTorvalds,56.71,80.9,69
KUMPULA-NATRI,Miapetra,Group of the Progressive Alliance of Socialists and Democrats in the European Parliament,Finland,@miapetrakumpula,89.57,48.01,69
PIETIKÄINEN,Sirpa,Group of the European People's Party (Christian Democrats),Finland,@spietikainen,88.68,48.01,68
LIESE,Peter,Group of the European People's Party (Christian Democrats),Germany,@peterliese,63.51,70.03,67
WÖLKEN,Tiemo,Group of the Progressive Alliance of Socialists and Democrats in the European Parliament,Germany,@woelken,89.19,42.71,66
HÄUSLING,Martin,Group of the Greens/European Free Alliance,Germany,@MartinHaeusling,90.16,39.52,65
HOLMGREN,Pär,Group of the Greens/European Free Alliance,Sweden,@ParHolmgren,94.37,33.16,64
VIRKKUNEN,Henna,Group of the European People's Party (Christian Democrats),Finland,@HennaVirkkunen,95.33,31.83,64
RIES,Frédérique,Renew Europe Group,Belgium,@Frederiqueries,74.56,51.99,63
HAZEKAMP,Anja,Group of the European United Left - Nordic Green Left,Netherlands,@anjahazekamp,45.56,79.58,63
PAULUS,Jutta,Group of the Greens/European Free Alliance,Germany,@JuttaPaulusRLP,86.99,37.4,62
WEISS,Pernille,Group of the European People's Party (Christian Democrats),Denmark,@WeissPernille,83.72,40.58,62
AGUILERA,Clara,Group of the Progressive Alliance of Socialists and Democrats in the European Parliament,Spain,@ClaraAguilera7,63.52,60.48,62
TOUSSAINT,Marie,Group of the Greens/European Free Alliance,France,@marietouss1,98.17,23.34,61
BOMPARD,Manuel,Group of the European United Left - Nordic Green Left,France,@mbompard,97.66,23.34,61
WALLACE,Mick,Group of the European United Left - Nordic Green Left,Ireland,@wallacemick,90.11,30.77,60
de LANGE,Esther,Group of the European People's Party (Christian Democrats),Netherlands,@Esther_de_Lange,73.54,46.68,60
GIEGOLD,Sven,Group of the Greens/European Free Alliance,Germany,@sven_giegold,97.67,22.55,60
METZ,Tilly,Group of the Greens/European Free Alliance,Luxembourg,@MetzTilly,58.46,60.74,60
AUBRY,Manon,Group of the European United Left - Nordic Green Left,France,@ManonAubryFr,100,19.1,60
HAUTALA,Heidi,Group of the Greens/European Free Alliance,Finland,@HeidiHautala,87,31.83,59
HOJSÍK,Martin,Renew Europe Group,Slovakia,@mhojsik,72.18,45.89,59
BLOSS,Michael,Group of the Greens/European Free Alliance,Germany,@michabl,96.66,20.42,59
BURKHARDT,Delara,Group of the Progressive Alliance of Socialists and Democrats in the European Parliament,Germany,@delarabur,74.33,42.71,59
KELLY,Seán,Group of the European People's Party (Christian Democrats),Ireland,@SeanKellyMEP,85.13,31.83,58
DE CASTRO,Paolo,Group of the Progressive Alliance of Socialists and Democrats in the European Parliament,Italy,@paolodecastro,77.3,39.52,58
RIQUET,Dominique,Renew Europe Group,France,@DominiqueRiquet,68.35,48.01,58
McGUINNESS,Mairead,Group of the European People's Party (Christian Democrats),Ireland,@MaireadMcGMEP,78.05,38.2,58
GONZÁLEZ CASARES,Nicolás,Group of the Progressive Alliance of Socialists and Democrats in the European Parliament,Spain,@nicogoncas,83.06,31.83,57
BUZEK,Jerzy,Group of the European People's Party (Christian Democrats),Poland,@JerzyBuzek,79.54,35.01,57
KELLER,Fabienne,Renew Europe Group,France,@fabienne_keller,84.39,29.97,57
FEDERLEY,Fredrick,Renew Europe Group,Sweden,@federley,63.7,50.13,57
PETERSEN,Morten,Renew Europe Group,Denmark,@mortenhelveg,74.26,39.52,57
FLANAGAN,Luke Ming,Group of the European United Left - Nordic Green Left,Ireland,@lukeming,86.17,27.59,57
LALUCQ,Aurore,Group of the Progressive Alliance of Socialists and Democrats in the European Parliament,France,@AuroreLalucq,87.9,25.46,57
LÓPEZ,Javi,Group of the Progressive Alliance of Socialists and Democrats in the European Parliament,Spain,@javilopezEU,77.59,35.01,56
RIVASI,Michèle,Group of the Greens/European Free Alliance,France,@MicheleRivasi,91.67,20.42,56
LINS,Norbert,Group of the European People's Party (Christian Democrats),Germany,@LinsNorbert,50.13,61.54,56
BAUZÁ DÍAZ,José Ramón,Renew Europe Group,Spain,@JRBauza,74.31,37.14,56
LARROUTUROU,Pierre,Group of the Progressive Alliance of Socialists and Democrats in the European Parliament,France,@larrouturou,91.28,19.1,55
ANDRESEN,Rasmus,Group of the Greens/European Free Alliance,Germany,@RasmusAndresen,92.65,16.98,55
FUGLSANG,Niels,Group of the Progressive Alliance of Socialists and Democrats in the European Parliament,Denmark,@NielsFuglsang,74.54,35.01,55
VAN BREMPT,Kathleen,Group of the Progressive Alliance of Socialists and Democrats in the European Parliament,Belgium,@kvanbrempt,81.94,27.59,55
GARCÍA PÉREZ,Iratxe,Group of the Progressive Alliance of Socialists and Democrats in the European Parliament,Spain,@IratxeGarper,73.95,35.28,55
DURAND,Pascal,Renew Europe Group,France,@PDurandOfficiel,78.09,31.03,55
ZORRINHO,Carlos,Group of the Progressive Alliance of Socialists and Democrats in the European Parliament,Portugal,@czorrinho,69.11,39.52,54
LANGE,Bernd,Group of the Progressive Alliance of Socialists and Democrats in the European Parliament,Germany,@berndlange,74.39,33.95,54
VERHOFSTADT,Guy,Renew Europe Group,Belgium,@GuyVerhofstadt,80.7,27.59,54
MODIG,Silvia,Group of the European United Left - Nordic Green Left,Finland,@silviamodig,73.19,35.01,54
PAPADIMOULIS,Dimitrios,Group of the European United Left - Nordic Green Left,Greece,@papadimoulis,81.25,26.53,54
EVREN,Agnès,Group of the European People's Party (Christian Democrats),France,@AgnesEvren,86.4,21.22,54
CIOLOŞ,Dacian,Renew Europe Group,Romania,@CiolosDacian,86.06,21.49,54
SPUREK,Sylwia,Group of the Progressive Alliance of Socialists and Democrats in the European Parliament,Poland,@SylwiaSpurek,83.83,23.61,54
CARVALHO,Maria da Graça,Group of the European People's Party (Christian Democrats),Portugal,@mgracacarvalho,76.66,30.77,54
LOISEAU,Nathalie,Renew Europe Group,France,@NathalieLoiseau,82.71,24.67,54
SPYRAKI,Maria,Group of the European People's Party (Christian Democrats),Greece,@MariaSpyraki,74.46,32.89,54
ROOSE,Caroline,Group of the Greens/European Free Alliance,France,@CarolineRooseEU,66.5,40.32,53
GÁLVEZ MUÑOZ,Lina,Group of the Progressive Alliance of Socialists and Democrats in the European Parliament,Spain,@linagalvezmunoz,71.44,35.01,53
BÜTIKOFER,Reinhard,Group of the Greens/European Free Alliance,Germany,@bueti,89.36,16.98,53
CORMAND,David,Group of the Greens/European Free Alliance,France,@DavidCormand,86.87,19.1,53
CAVAZZINI,Anna,Group of the Greens/European Free Alliance,Germany,@anna_cavazzini,89.04,16.18,53
RODRÍGUEZ-PIÑERO,Inma,Group of the Progressive Alliance of Socialists and Democrats in the European Parliament,Spain,@RodriguezPinero,77.6,27.59,53
GRUDLER,Christophe,Renew Europe Group,France,@GrudlerCh,69.74,35.28,53
MORETTI,Alessandra,Group of the Progressive Alliance of Socialists and Democrats in the European Parliament,Italy,@ale_moretti,59.38,45.62,53
REGO,Sira,Group of the European United Left - Nordic Green Left,Spain,@sirarego,80.29,24.4,52
URBÁN CRESPO,Miguel,Group of the European United Left - Nordic Green Left,Spain,@MiguelUrban,81.34,23.34,52
GUERREIRO,Francisco,Group of the Greens/European Free Alliance,Portugal,@FGuerreiroMEP,70.67,33.95,52
MELCHIOR,Karen,Renew Europe Group,Denmark,@karmel80,89.27,15.12,52
VEDRENNE,Marie-Pierre,Renew Europe Group,France,@MariePierreV,74.33,29.97,52
HUITEMA,Jan,Renew Europe Group,Netherlands,@jhuitema,58.28,45.62,52
VILLUMSEN,Nikolaj,Group of the European United Left - Nordic Green Left,Denmark,@nvillumsen,87.54,14.85,51
BILBAO BARANDICA,Izaskun,Renew Europe Group,Spain,@IzaskunBilbaoB,59.33,42.71,51
Dalunde,Jakop G.,Group of the Greens/European Free Alliance,Sweden,,69.18,32.8,51
AUKEN,Margrete,Group of the Greens/European Free Alliance,Denmark,@MargreteAuken,62.22,39.52,51
CHAIBI,Leila,Group of the European United Left - Nordic Green Left,France,@leilachaibi,87.8,13.79,51
SARVAMAA,Petri,Group of the European People's Party (Christian Democrats),Finland,@petrisarvamaa,70.5,30.77,51
RODRÍGUEZ RAMOS,María Soraya,Renew Europe Group,Spain,@sorayarr_,75.51,25.73,51
O'SULLIVAN,Grace,Group of the Greens/European Free Alliance,Ireland,@GraceOsllvn,52.79,48.01,50
SCHALDEMOSE,Christel,Group of the Progressive Alliance of Socialists and Democrats in the European Parliament,Denmark,@SchaldemoseMEP,64.62,36.07,50
REINTKE,Terry,Group of the Greens/European Free Alliance,Germany,@TerryReintke,85.4,14.85,50
MARQUES,Pedro,Group of the Progressive Alliance of Socialists and Democrats in the European Parliament,Portugal,@PedroMarquesMEP,62.86,37.14,50
TOLLERET,Irène,Renew Europe Group,France,@ITolleret,71.86,27.85,50
BIEDROŃ,Robert,Group of the Progressive Alliance of Socialists and Democrats in the European Parliament,Poland,@RobertBiedron,83.68,15.92,50
CHASTEL,Olivier,Renew Europe Group,Belgium,@OChastel,67.47,32.1,50
GARCÍA DEL BLANCO,Ibán,Group of the Progressive Alliance of Socialists and Democrats in the European Parliament,Spain,@Ibangarciadb,71.97,27.59,50
TAJANI,Antonio,Group of the European People's Party (Christian Democrats),Italy,@Antonio_Tajani,79.13,20.16,50
SÉJOURNÉ,Stéphane,Renew Europe Group,France,@steph_sejourne,74.21,24.67,49
DE SUTTER,Petra,Group of the Greens/European Free Alliance,Belgium,@pdsutter,82.5,16.18,49
URTASUN,Ernest,Group of the Greens/European Free Alliance,Spain,@ernesturtasun,71.08,27.59,49
DECERLE,Jérémy,Renew Europe Group,France,@JDecerle,61.35,37.14,49
BITEAU,Benoît,Group of the Greens/European Free Alliance,France,@Identi_Terre,79.26,19.1,49
VONDRA,Alexandr,European Conservatives and Reformists Group,Czechia,@AlexandrVondra,51.67,46.68,49
GUILLAUME,Sylvie,Group of the Progressive Alliance of Socialists and Democrats in the European Parliament,France,@sylvieguillaume,71.15,26.53,49
BULLMANN,Udo,Group of the Progressive Alliance of Socialists and Democrats in the European Parliament,Germany,@UdoBullmann,66.88,30.77,49
SANDER,Anne,Group of the European People's Party (Christian Democrats),France,@ASanderMEP,71.82,24.4,48
TRILLET-LENOIR,Véronique,Renew Europe Group,France,@VTrillet_Lenoir,62.97,33.16,48
CALENDA,Carlo,Group of the Progressive Alliance of Socialists and Democrats in the European Parliament,Italy,@CarloCalenda,83.34,12.73,48
KRASNODĘBSKI,Zdzisław,European Conservatives and Reformists Group,Poland,@ZdzKrasnodebski,50.64,45.09,48
KELLER,Ska,Group of the Greens/European Free Alliance,Germany,@SkaKeller,78,17.24,48
GONZÁLEZ,Mónica Silvana,Group of the Progressive Alliance of Socialists and Democrats in the European Parliament,Spain,@MonicaSilvanaG,67.06,27.59,47
OLEKAS,Juozas,Group of the Progressive Alliance of Socialists and Democrats in the European Parliament,Lithuania,@juozas_olekas,51.85,42.44,47
HUHTASAARI,Laura,Identity and Democracy Group,Finland,@LauraHuhtasaari,87.92,6.37,47
GLUCKSMANN,Raphaël,Group of the Progressive Alliance of Socialists and Democrats in the European Parliament,France,@rglucks1,83.49,10.61,47
PEETERS,Kris,Group of the European People's Party (Christian Democrats),Belgium,@peeters_kris1,77.03,16.98,47
CHAHIM,Mohammed,Group of the Progressive Alliance of Socialists and Democrats in the European Parliament,Netherlands,@MChahim,54.49,39.52,47
AGUILAR,Mazaly,European Conservatives and Reformists Group,Spain,@MazalyAguilar,71.59,22.28,47
BENTELE,Hildegard,Group of the European People's Party (Christian Democrats),Germany,@hildebentele,68.23,25.46,47
GARICANO,Luis,Renew Europe Group,Spain,@lugaricano,74.45,19.1,47
FARRENG,Laurence,Renew Europe Group,France,@laurencefarreng,62.32,29.97,46
DA RE,Gianantonio,Identity and Democracy Group,Italy,@GianantonioDaRe,82.42,9.55,46
SONNEBORN,Martin,Non-attached Members,Germany,@MartinSonneborn,81.33,10.61,46
HOMS GINEL,Alicia,Group of the Progressive Alliance of Socialists and Democrats in the European Parliament,Spain,@aliciahoms,65.38,26.53,46
KOKKALIS,Petros,Group of the European United Left - Nordic Green Left,Greece,@PetrosKokkalis,60.05,31.83,46
CHABAUD,Catherine,Renew Europe Group,France,@CathChabaud,53.3,38.46,46
PEKKARINEN,Mauri,Renew Europe Group,Finland,@PekkarinenMauri,60.66,30.77,46
BRICMONT,Saskia,Group of the Greens/European Free Alliance,Belgium,@bricmontsaskia,76.11,14.85,45
CAÑAS,Jordi,Renew Europe Group,Spain,@jordi_canyas,71.77,19.1,45
ERTUG,Ismail,Group of the Progressive Alliance of Socialists and Democrats in the European Parliament,Germany,@IsmailErtug,51.28,39.52,45
ZOIDO ÁLVAREZ,Juan Ignacio,Group of the European People's Party (Christian Democrats),Spain,@zoidoJI,60.62,29.71,45
HAYER,Valerie,Renew Europe Group,France,@ValerieHayer,66.43,23.61,45
PIEPER,Markus,Group of the European People's Party (Christian Democrats),Germany,@markuspieperMEP,57.81,31.83,45
FITZGERALD,Frances,Group of the European People's Party (Christian Democrats),Ireland,@FitzgeraldFrncs,72.51,16.98,45
VAN OVERTVELDT,Johan,European Conservatives and Reformists Group,Belgium,@jvanovertveldt,71.99,16.98,44
FAJON,Tanja,Group of the Progressive Alliance of Socialists and Democrats in the European Parliament,Slovenia,@tfajon,66.64,22.28,44
BONAFÈ,Simona,Group of the Progressive Alliance of Socialists and Democrats in the European Parliament,Italy,@simonabonafe,33.35,55.44,44
MAJORINO,Pierfrancesco,Group of the Progressive Alliance of Socialists and Democrats in the European Parliament,Italy,@pfmajorino,65.38,23.34,44
DEPARNAY-GRUNENBERG,Anna,Group of the Greens/European Free Alliance,Germany,@AnnaDeparnay,60.81,27.59,44
ROOS,Robert,European Conservatives and Reformists Group,Netherlands,@Rob_Roos,77.7,10.61,44
BEER,Nicola,Renew Europe Group,Germany,@nicolabeerfdp,72.78,14.85,44
FITTO,Raffaele,European Conservatives and Reformists Group,Italy,@RaffaeleFitto,62.38,24.93,44
TERTSCH,Hermann,European Conservatives and Reformists Group,Spain,@hermanntertsch,80.91,6.37,44
MARINESCU,Marian-Jean,Group of the European People's Party (Christian Democrats),Romania,@MarianMarinescu,43.72,43.5,44
NAGTEGAAL,Caroline,Renew Europe Group,Netherlands,@C_Nagtegaal,59.15,27.59,43
RODRÍGUEZ PALOP,Eugenia,Group of the European United Left - Nordic Green Left,Spain,@MEugeniaRPalop,62.19,24.4,43
PELLETIER,Anne-Sophie,Group of the European United Left - Nordic Green Left,France,@ASPelletier,75.96,10.61,43
SZYDŁO,Beata,European Conservatives and Reformists Group,Poland,@BeataSzydlo,69.55,16.98,43
BORZAN,Biljana,Group of the Progressive Alliance of Socialists and Democrats in the European Parliament,Croatia,@BiljanaBorzan,57.4,28.91,43
van Dalen,Peter,Group of the European People's Party (Christian Democrats),Netherlands,@petervdalen,46.91,39.26,43
GONZÁLEZ PONS,Esteban,Group of the European People's Party (Christian Democrats),Spain,@gonzalezpons,71.21,14.85,43
MONTSERRAT,Dolors,Group of the European People's Party (Christian Democrats),Spain,@DolorsMM,63.73,22.28,43
KARAS,Othmar,Group of the European People's Party (Christian Democrats),Austria,@othmar_karas,60.54,25.46,43
TANG,Paul,Group of the Progressive Alliance of Socialists and Democrats in the European Parliament,Netherlands,@paultang,60.52,25.46,43
OLIVIER,Philippe,Identity and Democracy Group,France,@PhOlivierRN,75.16,10.61,43
PAET,Urmas,Renew Europe Group,Estonia,@Urmaspaet,58.16,27.59,43
BUXADÉ VILLALBA,Jorge,European Conservatives and Reformists Group,Spain,@Jorgebuxade,80.38,5.31,43
MARQUARDT,Erik,Group of the Greens/European Free Alliance,Germany,@ErikMarquardt,74.01,11.67,43
LECHANTEUX,Julie,Identity and Democracy Group,France,@JLechanteux,75.98,9.55,43
MATIAS,Marisa,Group of the European United Left - Nordic Green Left,Portugal,@mmatias_,56.71,28.65,43
EPPINK,Derk Jan,European Conservatives and Reformists Group,Netherlands,@djeppink,76.47,8.49,42
CORRAO,Ignazio,Non-attached Members,Italy,@ignaziocorrao,57.3,27.59,42
SEMSROTT,Nico,Group of the Greens/European Free Alliance,Germany,@nicosemsrott,74.08,10.61,42
KELLEHER,Billy,Renew Europe Group,Ireland,@BillyKelleherEU,59.78,24.4,42
KOUNTOURA,Elena,Group of the European United Left - Nordic Green Left,Greece,@ElenaKountoura,64.01,20.16,42
KYRTSOS,Georgios,Group of the European People's Party (Christian Democrats),Greece,@GiorgosKyrtsos,66.98,16.98,42
COLIN-OESTERLÉ,Nathalie,Group of the European People's Party (Christian Democrats),France,@ncolin_oesterle,60.55,23.34,42
in 't VELD,Sophia,Renew Europe Group,Netherlands,@SophieintVeld,45.4,37.4,41
ZĪLE,Roberts,European Conservatives and Reformists Group,Latvia,@robertszile,52.47,30.24,41
THUN UND HOHENSTEIN,Róża,Group of the European People's Party (Christian Democrats),Poland,@rozathun,71.9,10.61,41
IJABS,Ivars,Renew Europe Group,Latvia,@ijabs,51.43,30.77,41
ZAHRADIL,Jan,European Conservatives and Reformists Group,Czechia,@ZahradilJan,67.14,14.85,41
ŁUKACIJEWSKA,Elżbieta Katarzyna,Group of the European People's Party (Christian Democrats),Poland,@elukacijewska,65,16.98,41
ASIMAKOPOULOU,Anna-Michelle,Group of the European People's Party (Christian Democrats),Greece,@AnnaAsimakopoul,61.17,20.16,41
SARDONE,Silvia,Identity and Democracy Group,Italy,@SardoneSilvia,56.85,24.4,41
AL-SAHLANI,Abir,Renew Europe Group,Sweden,@AbirAlsahlani,66.33,14.85,41
NIEBLER,Angelika,Group of the European People's Party (Christian Democrats),Germany,@ANiebler,48.08,32.89,40
SCHWAB,Andreas,Group of the European People's Party (Christian Democrats),Germany,@Andreas_Schwab,59.51,21.22,40
VAUTMANS,Hilde,Renew Europe Group,Belgium,@hildevautmans,43.54,37.14,40
KARLSBRO,Karin,Renew Europe Group,Sweden,@KarinKarlsbro,64.71,15.92,40
BENIFEI,Brando,Group of the Progressive Alliance of Socialists and Democrats in the European Parliament,Italy,@brandobenifei,41.24,39.26,40
LACAPELLE,Jean-Lin,Identity and Democracy Group,France,@jllacapelle,62.19,18.04,40
MALDONADO LÓPEZ,Adriana,Group of the Progressive Alliance of Socialists and Democrats in the European Parliament,Spain,@_AMaldonado_,57.84,22.28,40
SATOURI,Mounir,Group of the Greens/European Free Alliance,France,@MounirSatouri,60.63,19.1,40
MAUREL,Emmanuel,Group of the European United Left - Nordic Green Left,France,@emmanuelmaurel,64.5,14.85,40
PUIGDEMONT I CASAMAJÓ,Carles,Non-attached Members,Spain,@KRLS,74.02,5.31,40
BRUNET,Sylvie,Renew Europe Group,France,@syl_brunet,50.65,28.65,40
VAIDERE,Inese,Group of the European People's Party (Christian Democrats),Latvia,@IneseVaidere,52.69,26.53,40
MAYDELL,Eva,Group of the European People's Party (Christian Democrats),Bulgaria,@EvaMaydell,55.77,23.34,40
SANT,Alfred,Group of the Progressive Alliance of Socialists and Democrats in the European Parliament,Malta,@SantAlfred,43.96,35.01,39
VIND,Marianne,Group of the Progressive Alliance of Socialists and Democrats in the European Parliament,Denmark,@MarianneVind,57.56,21.22,39
KOHUT,Łukasz,Group of the Progressive Alliance of Socialists and Democrats in the European Parliament,Poland,@LukaszKohut,53.04,25.46,39
BEIGNEUX,Aurelia,Identity and Democracy Group,France,@AureliaBeigneux,64.54,13.79,39
WEBER,Manfred,Group of the European People's Party (Christian Democrats),Germany,@ManfredWeber,55.86,22.28,39
CSEH,Katalin,Renew Europe Group,Hungary,@katka_cseh,55.52,22.55,39
GUSMÃO,José,Group of the European United Left - Nordic Green Left,Portugal,@joseggusmao,67.09,10.61,39
BOESELAGER,Damian,Group of the Greens/European Free Alliance,Germany,@d_boeselager,67,10.61,39
BAY,Nicolas,Identity and Democracy Group,France,@NicolasBay_,67.94,9.55,39
BERLUSCONI,Silvio,Group of the European People's Party (Christian Democrats),Italy,@berlusconi,63.64,13.79,39
BARDELLA,Jordan,Identity and Democracy Group,France,@J_Bardella,75.16,2.12,39
NOVAKOV,Andrey,Group of the European People's Party (Christian Democrats),Bulgaria,@AndreyNovakov,41.08,36.07,39
ARŁUKOWICZ,Bartosz,Group of the European People's Party (Christian Democrats),Poland,@Arlukowicz,60.01,16.98,38
ŞTEFĂNUȚĂ,Nicolae,Renew Europe Group,Romania,@nicustefanuta,41.83,35.01,38
BARLEY,Katarina,Group of the Progressive Alliance of Socialists and Democrats in the European Parliament,Germany,@KATARINABARLEY,56.59,20.16,38
ZACHAROPOULOU,Chrysoula,Renew Europe Group,France,@CZacharopoulou,45.65,31.03,38
MUREŞAN,Siegfried,Group of the European People's Party (Christian Democrats),Romania,@SMuresan,47.79,28.65,38
OLBRYCHT,Jan,Group of the European People's Party (Christian Democrats),Poland,@JanOlbrycht,39.29,37.14,38
PEKSA,Mikuláš,Group of the Greens/European Free Alliance,Czechia,@vonpecka,61.32,14.85,38
RUISSEN,Bert-Jan,European Conservatives and Reformists Group,Netherlands,@hjaruissen,55.48,20.16,38
PICIERNO,Pina,Group of the Progressive Alliance of Socialists and Democrats in the European Parliament,Italy,@pinapic,39.53,36.07,38
SCHIEDER,Andreas,Group of the Progressive Alliance of Socialists and Democrats in the European Parliament,Austria,@SCHIEDER,54.14,21.22,38
MAESTRE MARTÍN DE ALMAGRO,Cristina,Group of the Progressive Alliance of Socialists and Democrats in the European Parliament,Spain,@crismaestre,41.31,33.95,38
HÜBNER,Danuta Maria,Group of the European People's Party (Christian Democrats),Poland,@danutahuebner,57.22,18.04,38
MEUTHEN,Jörg,Identity and Democracy Group,Germany,@Joerg_Meuthen,66.7,8.49,38
GAMON,Claudia,Renew Europe Group,Austria,@dieGamon,47.49,27.59,38
MILLER,Leszek,Group of the Progressive Alliance of Socialists and Democrats in the European Parliament,Poland,@LeszekMiller,60.08,14.85,37
BOGOVIČ,Franc,Group of the European People's Party (Christian Democrats),Slovenia,@Franc_Bogovic,48.18,26.53,37
ZANNI,Marco,Identity and Democracy Group,Italy,@Marcozanni86,61.88,12.73,37
MORANO,Nadine,Group of the European People's Party (Christian Democrats),France,@nadine__morano,61.52,12.73,37
GRUFFAT,Claude,Group of the Greens/European Free Alliance,France,@gruffat_claude,52.96,21.22,37
RINALDI,Antonio Maria,Identity and Democracy Group,Italy,@Rinaldi_euro,64.56,9.55,37
TARCZYŃSKI,Dominik,European Conservatives and Reformists Group,Poland,@D_Tarczynski,52.53,21.22,37
KRAH,Maximilian,Identity and Democracy Group,Germany,@KrahMax,67.27,6.37,37
TOIA,Patrizia,Group of the Progressive Alliance of Socialists and Democrats in the European Parliament,Italy,@toiapatrizia,29.98,43.5,37
VOZEMBERG-VRIONIDI,Elissavet,Group of the European People's Party (Christian Democrats),Greece,@vozemberg,49.92,23.34,37
LAMBERTS,Philippe,Group of the Greens/European Free Alliance,Belgium,@ph_lamberts,52.47,20.42,36
WIŚNIEWSKA,Jadwiga,European Conservatives and Reformists Group,Poland,@j_wisniewska,46.3,26.53,36
ADAMOWICZ,Magdalena,Group of the European People's Party (Christian Democrats),Poland,@Adamowicz_Magda,55.6,16.98,36
DANJEAN,Arnaud,Group of the European People's Party (Christian Democrats),France,@ArnaudDanjean,53.34,19.1,36
NEUMANN,Hannah,Group of the Greens/European Free Alliance,Germany,@HNeumannMEP,61.72,10.61,36
LEBRETON,Gilles,Identity and Democracy Group,France,@Gilles_Lebreton,52.81,19.1,36
BUŞOI,Cristian-Silviu,Group of the European People's Party (Christian Democrats),Romania,@CristianSBusoi,28.39,43.5,36
HEINÄLUOMA,Eero,Group of the Progressive Alliance of Socialists and Democrats in the European Parliament,Finland,@EeroHeinaluoma,48.27,23.61,36
LEWANDOWSKI,Janusz,Group of the European People's Party (Christian Democrats),Poland,@J_Lewandowski,50.4,21.22,36
KANKO,Assita,European Conservatives and Reformists Group,Belgium,@Assita_Kanko,63.98,7.43,36
CASPARY,Daniel,Group of the European People's Party (Christian Democrats),Germany,@caspary,46.84,24.4,36
MÉLIN,Joëlle,Identity and Democracy Group,France,@JoelleMelinRN,45.77,25.46,36
BERENDSEN,Tom,Group of the European People's Party (Christian Democrats),Netherlands,@tbwberendsen,43.6,27.59,36
BELLAMY,François-Xavier,Group of the European People's Party (Christian Democrats),France,@fxbellamy,51.94,19.1,36
GOZI,Sandro,Renew Europe Group,France,@sandrogozi,46.3,24.67,35
BJÖRK,Malin,Group of the European United Left - Nordic Green Left,Sweden,@MalinBjork_EU,46.54,24.4,35
ARENA,Maria,Group of the Progressive Alliance of Socialists and Democrats in the European Parliament,Belgium,@Mariearenaps,49.58,21.22,35
TINAGLI,Irene,Group of the Progressive Alliance of Socialists and Democrats in the European Parliament,Italy,@itinagli,46.85,23.34,35
LIMMER,Sylvia,Identity and Democracy Group,Germany,@Sylvia_Limmer,46.67,23.34,35
SALINI,Massimiliano,Group of the European People's Party (Christian Democrats),Italy,@MaxSalini,46.32,23.34,35
LÓPEZ AGUILAR,Juan Fernando,Group of the Progressive Alliance of Socialists and Democrats in the European Parliament,Spain,@JFLopezAguilar,39.84,29.71,35
BREYER,Patrick,Group of the Greens/European Free Alliance,Germany,@echo_pbreyer,59.8,9.55,35
ANDROULAKIS,Nikos,Group of the Progressive Alliance of Socialists and Democrats in the European Parliament,Greece,@androulakisnick,14.22,54.11,34
KALNIETE,Sandra,Group of the European People's Party (Christian Democrats),Latvia,@Kalniete,46.91,21.22,34
JONGERIUS,Agnes,Group of the Progressive Alliance of Socialists and Democrats in the European Parliament,Netherlands,@a_jongerius,42.25,25.73,34
AGIUS SALIBA,Alex,Group of the Progressive Alliance of Socialists and Democrats in the European Parliament,Malta,@alexagiussaliba,34.8,32.89,34
LIBERADZKI,Bogusław,Group of the Progressive Alliance of Socialists and Democrats in the European Parliament,Poland,@BLiberadzki,38.83,28.65,34
MÜLLER,Ulrike,Renew Europe Group,Germany,@UliMuellerMdEP,30.24,37.14,34
TERHEŞ,Cristian,European Conservatives and Reformists Group,Romania,@Laur_T69,60.67,6.37,34
RAFAELA,Samira,Renew Europe Group,Netherlands,@samiraraf,31.88,35.01,33
ANNEMANS,Gerolf,Identity and Democracy Group,Belgium,@gannemans,58.2,8.49,33
ROS SEMPERE,Marcos,Group of the Progressive Alliance of Socialists and Democrats in the European Parliament,Spain,@mrossemp,38.89,27.59,33
BOTENGA,Marc,Group of the European United Left - Nordic Green Left,Belgium,@BotengaM,50.25,15.92,33
FERNANDES,José Manuel,Group of the European People's Party (Christian Democrats),Portugal,@JMFernandesEU,35.23,30.77,33
CICUREL,Ilana,Renew Europe Group,France,@ilanacicurelrem,43.08,22.55,33
FERRANDINO,Giuseppe,Group of the Progressive Alliance of Socialists and Democrats in the European Parliament,Italy,@giosiferrandino,6.17,59.42,33
COLLARD,Gilbert,Identity and Democracy Group,France,@GilbertCollard,64.07,1.06,33
GARDIAZABAL RUBIAL,Eider,Group of the Progressive Alliance of Socialists and Democrats in the European Parliament,Spain,@EGardiazabal,33.05,31.83,32
CASTALDO,Fabio Massimo,Non-attached Members,Italy,@FMCastaldo,45.49,19.1,32
PONSATÍ OBIOLS,Clara,Non-attached Members,Spain,@ClaraPonsati,43.13,21.22,32
DONATO,Francesca,Identity and Democracy Group,Italy,@ladyonorato,36.7,27.59,32
FREUND,Daniel,Group of the Greens/European Free Alliance,Germany,@daniel_freund,51.45,12.73,32
DORFMANN,Herbert,Group of the European People's Party (Christian Democrats),Italy,@HerbertDorfmann,21.46,42.44,32
CARVALHAIS,Isabel,Group of the Progressive Alliance of Socialists and Democrats in the European Parliament,Portugal,@IECarvalhais,20.27,43.5,32
GEESE,Alexandra,Group of the Greens/European Free Alliance,Germany,@alexandra_geese,56.28,7.43,32
INCIR,Evin,Group of the Progressive Alliance of Socialists and Democrats in the European Parliament,Sweden,@EvinIncir,38.19,25.46,32
AMERIKS,Andris,Group of the Progressive Alliance of Socialists and Democrats in the European Parliament,Latvia,@AndrisAmeriks,27.49,36.07,32
BOURGEOIS,Geert,European Conservatives and Reformists Group,Belgium,@GeertBourgeois,58.06,5.31,32
MAZUREK,Beata,European Conservatives and Reformists Group,Poland,@beatamk,46.29,16.98,32
MICHELS,Martina,Group of the European United Left - Nordic Green Left,Germany,@martina_michels,27.74,35.01,31
TOBÉ,Tomas,Group of the European People's Party (Christian Democrats),Sweden,@tomastobe,54.18,8.49,31
GUALMINI,Elisabetta,Group of the Progressive Alliance of Socialists and Democrats in the European Parliament,Italy,@gualminielisa,36.92,25.46,31
CUTAJAR,Josianne,Group of the Progressive Alliance of Socialists and Democrats in the European Parliament,Malta,@josiannecutajar,34.65,27.59,31
ARMAND,Clotilde,Renew Europe Group,Romania,@clotilde_armand,48.16,13.79,31
ANSIP,Andrus,Renew Europe Group,Estonia,@Ansip_EU,36.37,25.46,31
UJHELYI,István,Group of the Progressive Alliance of Socialists and Democrats in the European Parliament,Hungary,@istvan_ujhelyi,38.3,23.34,31
SOLÍS PÉREZ,Susana,Renew Europe Group,Spain,@susanasolisp,31.9,29.71,31
KUŹMIUK,Zbigniew,European Conservatives and Reformists Group,Poland,@ZbigniewKuzmiuk,31.35,30.24,31
FERBER,Markus,Group of the European People's Party (Christian Democrats),Germany,@MarkusFerber,30.6,30.77,31
PICULA,Tonino,Group of the Progressive Alliance of Socialists and Democrats in the European Parliament,Croatia,@TPicula,17.86,43.5,31
WALSH,Maria,Group of the European People's Party (Christian Democrats),Ireland,@MariaWalshEU,48.47,12.73,31
HALICKI,Andrzej,Group of the European People's Party (Christian Democrats),Poland,@AndrzejHalicki,49.29,11.67,30
BILDE,Dominique,Identity and Democracy Group,France,@DominiqueBilde,50.98,9.55,30
RIBA I GINER,Diana,Group of the Greens/European Free Alliance,Spain,@DianaRibaGiner,51.6,8.49,30
CHRISTENSEN,Asger,Renew Europe Group,Denmark,@AsgerChristens2,32.34,27.59,30
WIEZIK,Michal,Group of the European People's Party (Christian Democrats),Slovakia,@MichalWiezik,30.45,28.91,30
JORON,Virginie,Identity and Democracy Group,France,@v_joron,52.91,6.37,30
BELKA,Marek,Group of the Progressive Alliance of Socialists and Democrats in the European Parliament,Poland,@profMarekBelka,47.61,11.67,30
MANDL,Lukas,Group of the European People's Party (Christian Democrats),Austria,@lukasmandl,31.63,27.59,30
FRANSSEN,Cindy,Group of the European People's Party (Christian Democrats),Belgium,@FranssenCindy,45.41,13.79,30
KOPACZ,Ewa,Group of the European People's Party (Christian Democrats),Poland,@EwaKopacz,38.8,20.16,29
JARUBAS,Adam,Group of the European People's Party (Christian Democrats),Poland,@JarubasAdam,40.18,18.04,29
NOICHL,Maria,Group of the Progressive Alliance of Socialists and Democrats in the European Parliament,Germany,@MariaNoichl,21.93,36.07,29
LANCINI,Danilo Oscar,Identity and Democracy Group,Italy,@DOscarLancini,44.19,13.79,29
PIRI,Kati,Group of the Progressive Alliance of Socialists and Democrats in the European Parliament,Netherlands,@KatiPiri,37.46,20.42,29
HANSEN,Christophe,Group of the European People's Party (Christian Democrats),Luxembourg,@CHansenEU,33.15,24.4,29
ZŁOTOWSKI,Kosma,European Conservatives and Reformists Group,Poland,@KosmaZlotowski,30.76,26.53,29
TÓTH,Edina,Group of the European People's Party (Christian Democrats),Hungary,@toth_edina,30.61,26.53,29
PISAPIA,Giuliano,Group of the Progressive Alliance of Socialists and Democrats in the European Parliament,Italy,@giulianopisapia,37.7,19.1,28
BEŇOVÁ,Monika,Group of the Progressive Alliance of Socialists and Democrats in the European Parliament,Slovakia,@monika_benova,20.68,36.07,28
PEDICINI,Piernicola,Non-attached Members,Italy,@PediciniM5S,34.44,22.28,28
BUDA,Daniel,Group of the European People's Party (Christian Democrats),Romania,@MEPDanielBuda,16.08,40.32,28
GRISET,Catherine,Identity and Democracy Group,France,@GrisetCatherine,38.19,18.04,28
MORENO SÁNCHEZ,Javier,Group of the Progressive Alliance of Socialists and Democrats in the European Parliament,Spain,@J_MorenoSanchez,24.3,31.83,28
HAHN,Henrike,Group of the Greens/European Free Alliance,Germany,@henrikehahn,33.72,22.28,28
CAMPOMENOSI,Marco,Identity and Democracy Group,Italy,@MCampomenosi,38.76,16.98,28
MELO,Nuno,Group of the European People's Party (Christian Democrats),Portugal,@NunoMeloCDS,34.31,21.22,28
GEIER,Jens,Group of the Progressive Alliance of Socialists and Democrats in the European Parliament,Germany,@EuropaJens,22.63,32.89,28
KEFALOGIANNIS,Manolis,Group of the European People's Party (Christian Democrats),Greece,@M_Kefalogiannis,15.03,40.32,28
SCHOLZ,Helmut,Group of the European United Left - Nordic Green Left,Germany,@HelmutScholzMEP,36.16,19.1,28
DIDIER,Geoffroy,Group of the European People's Party (Christian Democrats),France,@GeoffroyDidier,42.34,12.73,28
CZARNECKI,Ryszard,European Conservatives and Reformists Group,Poland,@r_czarnecki,33.94,20.16,27
RADTKE,Dennis,Group of the European People's Party (Christian Democrats),Germany,@RadtkeMdEP,32.68,21.22,27
BISCHOFF,Gabriele,Group of the Progressive Alliance of Socialists and Democrats in the European Parliament,Germany,@gabischoff,31.54,22.28,27
TARABELLA,Marc,Group of the Progressive Alliance of Socialists and Democrats in the European Parliament,Belgium,@marctarabella,30.43,23.34,27
BERLATO,Sergio,European Conservatives and Reformists Group,Italy,@SERGIOBERLATO,20.8,32.89,27
DALY,Clare,Group of the European United Left - Nordic Green Left,Ireland,@ClareDalyMEP,38.75,14.85,27
WASZCZYKOWSKI,Witold Jan,European Conservatives and Reformists Group,Poland,@WaszczykowskiW,37.67,15.92,27
KYMPOUROPOULOS,Stelios,Group of the European People's Party (Christian Democrats),Greece,@Kympouropoulos,35.29,18.04,27
SIKORSKI,Radosław,Group of the European People's Party (Christian Democrats),Poland,@sikorskiradek,43.54,9.55,27
OMARJEE,Younous,Group of the European United Left - Nordic Green Left,France,@younousomarjee,0,53.05,27
KREHL,Constanze,Group of the Progressive Alliance of Socialists and Democrats in the European Parliament,Germany,@ConstanzeKrehl,0,53.05,27
YONCHEVA,Elena,Group of the Progressive Alliance of Socialists and Democrats in the European Parliament,Bulgaria,@elyoncheva,44.26,8.49,26
SCHULZE,Sven,Group of the European People's Party (Christian Democrats),Germany,@schulzeeuropa,14.5,38.2,26
LØKKEGAARD,Morten,Renew Europe Group,Denmark,@Loekkegaard_MEP,37.82,14.85,26
PINEDA,Manu,Group of the European United Left - Nordic Green Left,Spain,@Manu_Abu_Carlos,38.56,13.79,26
CHARANZOVÁ,Dita,Renew Europe Group,Czechia,@charanzova,32.12,20.16,26
DALLI,Miriam,Group of the Progressive Alliance of Socialists and Democrats in the European Parliament,Malta,@Miriamdalli,0,52.25,26
TOMAŠEVSKI,Valdemar,European Conservatives and Reformists Group,Lithuania,@ed_valdemar,27.42,24.4,26
METSOLA,Roberta,Group of the European People's Party (Christian Democrats),Malta,@RobertaMetsola,38.01,13.79,26
FERNÁNDEZ,Jonás,Group of the Progressive Alliance of Socialists and Democrats in the European Parliament,Spain,@jonasfernandez,20.74,31.03,26
KÖRNER,Moritz,Renew Europe Group,Germany,@moritzkoerner,38.92,12.73,26
ARVANITIS,Konstantinos,Group of the European United Left - Nordic Green Left,Greece,@kostarvanitis,37.72,13.79,26
BORCHIA,Paolo,Identity and Democracy Group,Italy,@PaoloBorchia,32.39,19.1,26
NOVAK,Ljudmila,Group of the European People's Party (Christian Democrats),Slovenia,@LjudmilaNovak,21.59,29.71,26
DELI,Andor,Group of the European People's Party (Christian Democrats),Hungary,@AndorDeli,24.55,26.53,26
RIVIÈRE,Jérôme,Identity and Democracy Group,France,@jerome_riviere,38.07,12.73,25
BARTOLO,Pietro,Group of the Progressive Alliance of Socialists and Democrats in the European Parliament,Italy,@bartolopietro1,19.88,30.77,25
LANGENSIEPEN,Katrin,Group of the Greens/European Free Alliance,Germany,@k_langensiepen,38.94,11.67,25
TAX,Vera,Group of the Progressive Alliance of Socialists and Democrats in the European Parliament,Netherlands,@Vera_Tax,25.07,25.46,25
JOVEVA,Irena,Renew Europe Group,Slovenia,@IJoveva,28.9,21.22,25
PEREIRA,Lídia,Group of the European People's Party (Christian Democrats),Portugal,@lidiafopereira,31.93,18.04,25
ANDREWS,Barry,Renew Europe Group,Ireland,@BarryAndrewsMEP,24.26,25.46,25
ERNST,Cornelia,Group of the European United Left - Nordic Green Left,Germany,@ErnstCornelia,34.5,14.85,25
POLFJÄRD,Jessica,Group of the European People's Party (Christian Democrats),Sweden,@jessicapolfjard,29.1,20.16,25
JUVIN,Herve,Identity and Democracy Group,France,@HerveJuvin,46.88,2.12,24
SKYTTEDAL,Sara,Group of the European People's Party (Christian Democrats),Sweden,@skyttedal,38.3,10.61,24
CLUNE,Deirdre,Group of the European People's Party (Christian Democrats),Ireland,@DeirdreCluneMEP,22.18,26.53,24
DANTI,Nicola,Renew Europe Group,Italy,@DantiNicola,11.52,37.14,24
TOBISZOWSKI,Grzegorz,European Conservatives and Reformists Group,Poland,@tobiszowski,25.2,23.34,24
KANEV,Radan,Group of the European People's Party (Christian Democrats),Bulgaria,@rmkanev,32.18,16.18,24
ZDECHOVSKÝ,Tomáš,Group of the European People's Party (Christian Democrats),Czechia,@TomasZdechovsky,35.58,12.73,24
KONEČNÁ,Kateřina,Group of the European United Left - Nordic Green Left,Czechia,@Konecna_K,22.76,25.46,24
SCHREIJER-PIERIK,Annie,Group of the European People's Party (Christian Democrats),Netherlands,@AnnieSchreijer,0,47.75,24
KOULOGLOU,Stelios,Group of the European United Left - Nordic Green Left,Greece,@SteliosKoul,31.77,15.92,24
VAN SPARRENTAK,Kim,Group of the Greens/European Free Alliance,Netherlands,@kimvsparrentak,34.54,12.73,24
COZZOLINO,Andrea,Group of the Progressive Alliance of Socialists and Democrats in the European Parliament,Italy,@cozzolino62,11.17,36.07,24
RANGEL,Paulo,Group of the European People's Party (Christian Democrats),Portugal,@PauloRangel_pt,29.18,18.04,24
SØGAARD-LIDELL,Linea,Renew Europe Group,Denmark,@LineaLidell,21.17,25.46,23
ROUGÉ,André,Identity and Democracy Group,France,@AndreRougeOff,39.83,6.37,23
DONÁTH,Anna Júlia,Renew Europe Group,Hungary,@donath_anna,30.24,15.92,23
DURÁ FERRANDIS,Estrella,Group of the Progressive Alliance of Socialists and Democrats in the European Parliament,Spain,@estrella_dura,18.56,27.59,23
DANIELSSON,Johan,Group of the Progressive Alliance of Socialists and Democrats in the European Parliament,Sweden,@johandanielsson,0,45.89,23
OCHOJSKA,Janina,Group of the European People's Party (Christian Democrats),Poland,@JaninaOchojska,43.31,2.12,23
HOHLMEIER,Monika,Group of the European People's Party (Christian Democrats),Germany,@MHohlmeier,18.81,26.53,23
MILLÁN MON,Francisco José,Group of the European People's Party (Christian Democrats),Spain,@PacoMillanMon,15.55,29.71,23
PAGAZAURTUNDÚA,Maite,Renew Europe Group,Spain,@maitepagaza,21.87,23.34,23
CERDAS,Sara,Group of the Progressive Alliance of Socialists and Democrats in the European Parliament,Portugal,@sara_saracerdas,3.71,41.38,23
REGNER,Evelyn,Group of the Progressive Alliance of Socialists and Democrats in the European Parliament,Austria,@Evelyn_Regner,19.5,25.46,22
MATO,Gabriel,Group of the European People's Party (Christian Democrats),Spain,@GabrielMatoA,6.74,38.2,22
TOMC,Romana,Group of the European People's Party (Christian Democrats),Slovenia,@RomanaTomc,26.42,18.04,22
UŠAKOVS,Nils,Group of the Progressive Alliance of Socialists and Democrats in the European Parliament,Latvia,@nilsusakovs,32.69,11.67,22
GOERENS,Charles,Renew Europe Group,Luxembourg,@CharlesGoerens,11.13,32.89,22
WEIMERS,Charlie,European Conservatives and Reformists Group,Sweden,@weimers,36.55,7.43,22
WARBORN,Jörgen,Group of the European People's Party (Christian Democrats),Sweden,@jorgenwarborn,34.52,8.49,22
POLČÁK,Stanislav,Group of the European People's Party (Christian Democrats),Czechia,@stanislavpolcak,19.51,23.34,21
GREGOROVÁ,Markéta,Group of the Greens/European Free Alliance,Czechia,@MarketkaG,31.06,11.67,21
ANDRIEU,Eric,Group of the Progressive Alliance of Socialists and Democrats in the European Parliament,France,@Eric_Andrieu,0,42.71,21
ZOVKO,Željana,Group of the European People's Party (Christian Democrats),Croatia,@ZovkoEU,23.58,19.1,21
DOLESCHAL,Christian,Group of the European People's Party (Christian Democrats),Germany,@Doleschal,11.47,30.77,21
HETMAN,Krzysztof,Group of the European People's Party (Christian Democrats),Poland,@Hetman_K,15.62,26.53,21
PIZARRO,Manuel,Group of the Progressive Alliance of Socialists and Democrats in the European Parliament,Portugal,@MPizarroPorto,4.96,37.14,21
FLEGO,Valter,Renew Europe Group,Croatia,@ValterFlego,17.7,24.4,21
BRGLEZ,Milan,Group of the Progressive Alliance of Socialists and Democrats in the European Parliament,Slovenia,@milan_brglez,28.21,13.79,21
JAKI,Patryk,European Conservatives and Reformists Group,Poland,@PatrykJaki,28.01,13.79,21
VON CRAMON-TAUBADEL,Viola,Group of the Greens/European Free Alliance,Germany,@ViolavonCramon,31.05,10.61,21
MONTEIRO DE AGUIAR,Cláudia,Group of the European People's Party (Christian Democrats),Portugal,@cmonteiroaguiar,0.21,41.38,21
KAILI,Eva,Group of the Progressive Alliance of Socialists and Democrats in the European Parliament,Greece,@EvaKaili,24.55,16.98,21
EHLER,Christian,Group of the European People's Party (Christian Democrats),Germany,@ChristianEhler,0,41.38,21
NEGRESCU,Victor,Group of the Progressive Alliance of Socialists and Democrats in the European Parliament,Romania,@negrescuvictor,15.88,25.46,21
JAMET,France,Identity and Democracy Group,France,@FranceJamet,26.4,14.85,21
RZOŃCA,Bogdan,European Conservatives and Reformists Group,Poland,@Bogdan_Rzonca,22.09,19.1,21
FOURLAS,Loucas,Group of the European People's Party (Christian Democrats),Cyprus,@loucas_fourlas,28.05,12.73,20
WOLTERS,Lara,Group of the Progressive Alliance of Socialists and Democrats in the European Parliament,Netherlands,@larawoltersEU,20.6,20.16,20
DLABAJOVÁ,Martina,Renew Europe Group,Czechia,@Mdlabajova,12.01,28.65,20
LAGODINSKY,Sergey,Group of the Greens/European Free Alliance,Germany,@SLagodinsky,30.04,10.61,20
LAPORTE,Hélène,Identity and Democracy Group,France,@HeleneLaporteRN,35.31,5.31,20
ANGEL,Marc,Group of the Progressive Alliance of Socialists and Democrats in the European Parliament,Luxembourg,@MarcAngel_lu,21.39,19.1,20
AMARO,Álvaro,Group of the European People's Party (Christian Democrats),Portugal,@alvaroamaroEU,0,40.32,20
LÓPEZ-ISTÚRIZ WHITE,Antonio,Group of the European People's Party (Christian Democrats),Spain,@TonoEPP,18.03,22.28,20
del CASTILLO VERA,Pilar,Group of the European People's Party (Christian Democrats),Spain,@delcastillop,16.58,23.34,20
BUCHHEIT,Markus,Identity and Democracy Group,Germany,@BuchheitMarkus,26.78,12.73,20
SIDL,Günther,Group of the Progressive Alliance of Socialists and Democrats in the European Parliament,Austria,,0,39.26,20
FOTYGA,Anna,European Conservatives and Reformists Group,Poland,@AnnaFotyga_PE,19.06,20.16,20
KOPCIŃSKA,Joanna,European Conservatives and Reformists Group,Poland,@j_kopcinska,11.57,27.59,20
KYUCHYUK,Ilhan,Renew Europe Group,Bulgaria,@ilhankyuchyuk,19.68,19.1,19
CIMOSZEWICZ,Włodzimierz,Group of the Progressive Alliance of Socialists and Democrats in the European Parliament,Poland,@tcimoszewicz,13.05,25.46,19
YENBOU,Salima,Group of the Greens/European Free Alliance,France,@salima_yenbou,27.79,10.61,19
LUTGEN,Benoît,Group of the European People's Party (Christian Democrats),Belgium,@BenoitLutgen,25.11,12.73,19
JAHR,Peter,Group of the European People's Party (Christian Democrats),Germany,@peter_jahr,3.78,33.95,19
CONTE,Rosanna,Identity and Democracy Group,Italy,@Rosannaconte_,8.8,28.65,19
BRUDZIŃSKI,Joachim Stanisław,European Conservatives and Reformists Group,Poland,@jbrudzinski,23.6,13.79,19
GADE,Søren,Renew Europe Group,Denmark,@SoerenGade,2.35,35.01,19
KNOTEK,Ondřej,Renew Europe Group,Czechia,@KnotekOndrej,0,37.14,19
VANA,Monika,Group of the Greens/European Free Alliance,Austria,@MonikaVana,0,37.14,19
REGIMENTI,Luisa,Identity and Democracy Group,Italy,@luisaregimenti,24.2,12.73,18
CREȚU,Corina,Group of the Progressive Alliance of Socialists and Democrats in the European Parliament,Romania,@CorinaCretuEU,9.63,26.53,18
COMÍN I OLIVERES,Antoni,Non-attached Members,Spain,@toni_comin,30.74,5.31,18
BARRENA ARZA,Pernando,Group of the European United Left - Nordic Green Left,Spain,@pernandobarrena,23.29,12.73,18
CASA,David,Group of the European People's Party (Christian Democrats),Malta,@DavidCasaMEP,18.83,16.98,18
NIEDERMAYER,Luděk,Group of the European People's Party (Christian Democrats),Czechia,@LudekNie,22.86,12.73,18
LENAERS,Jeroen,Group of the European People's Party (Christian Democrats),Netherlands,@jeroen_lenaers,14.17,21.22,18
RESSLER,Karlo,Group of the European People's Party (Christian Democrats),Croatia,@KarloRessler,16.25,19.1,18
NICA,Dan,Group of the Progressive Alliance of Socialists and Democrats in the European Parliament,Romania,,0,35.28,18
BIJOUX,Stéphane,Renew Europe Group,France,@stephaneBIJOUX,0,35.28,18
WIENER,Sarah,Group of the Greens/European Free Alliance,Austria,,0,35.28,18
FIOCCHI,Pietro,European Conservatives and Reformists Group,Italy,@FiocchiPietro,10.82,24.4,18
KALJURAND,Marina,Group of the Progressive Alliance of Socialists and Democrats in the European Parliament,Estonia,@MarinaKaljurand,27.73,7.43,18
DELBOS-CORFIELD,Gwendoline,Group of the Greens/European Free Alliance,France,@GDelbosCorfield,22.41,12.73,18
DEMIREL,Özlem,Group of the European United Left - Nordic Green Left,Germany,@OezlemADemirel,24.42,10.61,18
HERBST,Niclas,Group of the European People's Party (Christian Democrats),Germany,,0,35.01,18
GYÜRK,András,Group of the European People's Party (Christian Democrats),Hungary,@laszloan,3.74,30.77,17
GARCÍA-MARGALLO Y MARFIL,José Manuel,Group of the European People's Party (Christian Democrats),Spain,@MargalloJm,8.93,25.46,17
FERREIRA,João,Group of the European United Left - Nordic Green Left,Portugal,@joao_ferreira33,1.25,32.89,17
McALLISTER,David,Group of the European People's Party (Christian Democrats),Germany,@davidmcallister,16.02,18.04,17
ZALEWSKA,Anna,European Conservatives and Reformists Group,Poland,@AnnaZalewskaMEP,0,33.95,17
BERGKVIST,Erik,Group of the Progressive Alliance of Socialists and Democrats in the European Parliament,Sweden,@erik_bergkvist,0,33.95,17
GEBHARDT,Evelyne,Group of the Progressive Alliance of Socialists and Democrats in the European Parliament,Germany,@egebhardtMdEP,0,33.95,17
BALT,Marek Paweł,Group of the Progressive Alliance of Socialists and Democrats in the European Parliament,Poland,@PoselBalt,10.5,23.34,17
CECCARDI,Susanna,Identity and Democracy Group,Italy,@SusannaCeccardi,25.26,8.49,17
SEMEDO,Monica,Renew Europe Group,Luxembourg,@MonicaSemedoLux,7.22,26.53,17
SCHREINEMACHER,Liesje,Renew Europe Group,Netherlands,@LSchreinemacher,14.55,19.1,17
SMERIGLIO,Massimiliano,Group of the Progressive Alliance of Socialists and Democrats in the European Parliament,Italy,@maxsmeriglio,10.95,22.28,17
WALSMANN,Marion,Group of the European People's Party (Christian Democrats),Germany,@MarionWalsmann,14.1,19.1,17
PENKOVA,Tsvetelina,Group of the Progressive Alliance of Socialists and Democrats in the European Parliament,Bulgaria,@tsvetypenkova,10.7,22.28,16
CHINNICI,Caterina,Group of the Progressive Alliance of Socialists and Democrats in the European Parliament,Italy,@CaterinaChinnic,3.25,29.71,16
KOLAJA,Marcel,Group of the Greens/European Free Alliance,Czechia,@PiratKolaja,23.4,9.55,16
ŠIMEČKA,Michal,Renew Europe Group,Slovakia,@MSimecka,15.91,16.98,16
GROOTHUIS,Bart,Renew Europe Group,Netherlands,@bgroothuis,8.98,23.34,16
SIPPEL,Birgit,Group of the Progressive Alliance of Socialists and Democrats in the European Parliament,Germany,@BirgitSippelMEP,7.82,24.4,16
ROPĖ,Bronis,Group of the Greens/European Free Alliance,Lithuania,@BronisRopeLT,0,31.83,16
NIENASS,Niklas,Group of the Greens/European Free Alliance,Germany,@niklasnienass,0,31.83,16
OETJEN,Jan-Christoph,Renew Europe Group,Germany,@jcoetjen,10.48,21.22,16
MACMANUS,Chris,Group of the European United Left - Nordic Green Left,Ireland,@MacManusChris,4.96,26.53,16
TOMAŠIĆ,Ruža,European Conservatives and Reformists Group,Croatia,@RuzaTomasic,0,31.3,16
AUŠTREVIČIUS,Petras,Renew Europe Group,Lithuania,@petras_petras,2.63,28.65,16
MATIĆ,Predrag Fred,Group of the Progressive Alliance of Socialists and Democrats in the European Parliament,Croatia,@fred_matic,6.78,24.4,16
WINKLER,Iuliu,Group of the European People's Party (Christian Democrats),Romania,@IuliuWinkler,18.4,12.73,16
ŠOJDROVÁ,Michaela,Group of the European People's Party (Christian Democrats),Czechia,@msojdrova,19.37,11.67,16
MEIMARAKIS,Vangelis,Group of the European People's Party (Christian Democrats),Greece,@v_meimarakis,15.01,15.92,15
SCHMIEDTBAUER,Simone,Group of the European People's Party (Christian Democrats),Austria,,0,30.77,15
MOTREANU,Dan-Ștefan,Group of the European People's Party (Christian Democrats),Romania,@Dan_Motreanu,0,30.77,15
GARCÍA MUÑOZ,Isabel,Group of the Progressive Alliance of Socialists and Democrats in the European Parliament,Spain,@isagarmu,0,30.77,15
STRIK,Tineke,Group of the Greens/European Free Alliance,Netherlands,@Tineke_Strik,18.94,11.67,15
YON-COURTIN,Stéphanie,Renew Europe Group,France,@s_yoncourtin,0,29.97,15
PLUMB,Rovana,Group of the Progressive Alliance of Socialists and Democrats in the European Parliament,Romania,@RovanaPlumbMM,3.09,26.79,15
HRISTOV,Ivo,Group of the Progressive Alliance of Socialists and Democrats in the European Parliament,Bulgaria,@IvoHristovMEP,0.12,29.71,15
TOVAGLIERI,Isabella,Identity and Democracy Group,Italy,@isatovaglieri,20.23,9.55,15
LIZZI,Elena,Identity and Democracy Group,Italy,@elenalizzi,21.28,8.49,15
NEUSER,Norbert,Group of the Progressive Alliance of Socialists and Democrats in the European Parliament,Germany,,0,29.71,15
WIELAND,Rainer,Group of the European People's Party (Christian Democrats),Germany,,0,29.71,15
BLINKEVIČIŪTĖ,Vilija,Group of the Progressive Alliance of Socialists and Democrats in the European Parliament,Lithuania,,0,29.71,15
KAMMEREVERT,Petra,Group of the Progressive Alliance of Socialists and Democrats in the European Parliament,Germany,,0,29.71,15
GROŠELJ,Klemen,Renew Europe Group,Slovenia,@KGroselj,13.66,15.92,15
KLOC,Izabela-Helena,European Conservatives and Reformists Group,Poland,@IzabelaKloc,10.22,19.1,15
BOYER,Gilles,Renew Europe Group,France,@GillesBoyer,0,28.91,14
CHRISTOFOROU,Lefteris,Group of the European People's Party (Christian Democrats),Cyprus,@LefChristoforou,1.2,27.59,14
GARRAUD,Jean-Paul,Identity and Democracy Group,France,@JPGarraud,26.58,2.12,14
SÁNCHEZ AMOR,Nacho,Group of the Progressive Alliance of Socialists and Democrats in the European Parliament,Spain,@NachoSAmor,6.38,22.28,14
GIESEKE,Jens,Group of the European People's Party (Christian Democrats),Germany,,0,28.65,14
D'AMATO,Rosa,Non-attached Members,Italy,@rosadamato634,0,28.65,14
MOŻDŻANOWSKA,Andżelika Anna,European Conservatives and Reformists Group,Poland,,0,28.65,14
USPASKICH,Viktor,Renew Europe Group,Lithuania,@ViktorUspaskich,0,28.65,14
ZAGORAKIS,Theodoros,Group of the European People's Party (Christian Democrats),Greece,,0,28.65,14
RÓNAI,Sándor,Group of the Progressive Alliance of Socialists and Democrats in the European Parliament,Hungary,@sandor_ronai,0,28.65,14
LEGUTKO,Ryszard Antoni,European Conservatives and Reformists Group,Poland,@RyszardLegutko,0,28.65,14
TERRAS,Riho,Group of the European People's Party (Christian Democrats),Estonia,@RihoTerras,0,28.65,14
GAHLER,Michael,Group of the European People's Party (Christian Democrats),Germany,@michaelgahler,0,28.65,14
MAŽYLIS,Liudas,Group of the European People's Party (Christian Democrats),Lithuania,,0,28.65,14
ALFONSI,François,Group of the Greens/European Free Alliance,France,@F_Alfonsi,0,28.65,14
BENJUMEA BENJUMEA,Isabel,Group of the European People's Party (Christian Democrats),Spain,@IsabelBenjumea,0,28.65,14
DREOSTO,Marco,Identity and Democracy Group,Italy,@MarcoDreosto,3.09,25.46,14
VRECIONOVÁ,Veronika,European Conservatives and Reformists Group,Czechia,@vrecionova,12.31,15.92,14
EROGLU,Engin,Renew Europe Group,Germany,@EnginEroglu_FW,23.71,4.24,14
ALAMETSÄ,Alviina,Group of the Greens/European Free Alliance,Finland,@alviinaalametsa,0,27.85,14
GUETTA,Bernard,Renew Europe Group,France,@Bernardguetta,0,27.85,14
ALIEVA-VELI,Atidzhe,Renew Europe Group,Bulgaria,@AtidzheV,3.37,24.4,14
BILČÍK,Vladimír,Group of the European People's Party (Christian Democrats),Slovakia,@VladoBilcik,20.33,7.43,14
RONDINELLI,Daniela,Non-attached Members,Italy,@Dani_Rondinelli,15.96,11.67,14
LEITÃO-MARQUES,Maria-Manuel,Group of the Progressive Alliance of Socialists and Democrats in the European Parliament,Portugal,@LeitaoMarquesep,0,27.59,14
SCHNEIDER,Christine,Group of the European People's Party (Christian Democrats),Germany,@ChSchneider,0,27.59,14
WAITZ,Thomas,Group of the Greens/European Free Alliance,Austria,,0,27.59,14
BENEA,Adrian-Dragoş,Group of the Progressive Alliance of Socialists and Democrats in the European Parliament,Romania,,0,27.59,14
BERNHUBER,Alexander,Group of the European People's Party (Christian Democrats),Austria,,0,27.59,14
THALER,Barbara,Group of the European People's Party (Christian Democrats),Austria,@BarbaraThaler,0,26.53,13
VITANOV,Petar,Group of the Progressive Alliance of Socialists and Democrats in the European Parliament,Bulgaria,@PetarVitanovMEP,0,26.53,13
MARQUES,Margarida,Group of the Progressive Alliance of Socialists and Democrats in the European Parliament,Portugal,@mmargmarques,0,26.53,13
TOOM,Yana,Renew Europe Group,Estonia,@YanaToom,0,26.53,13
SILVA PEREIRA,Pedro,Group of the Progressive Alliance of Socialists and Democrats in the European Parliament,Portugal,,0,26.53,13
DEUTSCH,Tamás,Group of the European People's Party (Christian Democrats),Hungary,@dajcstomi,0,26.53,13
FRITZON,Heléne,Group of the Progressive Alliance of Socialists and Democrats in the European Parliament,Sweden,@helene_fritzon,0,25.73,13
AVRAM,Carmen,Group of the Progressive Alliance of Socialists and Democrats in the European Parliament,Romania,@carmenavram,0.18,25.46,13
VANDENDRIESSCHE,Tom,Identity and Democracy Group,Belgium,@TomVandendriess,18.17,7.43,13
ALEXANDROV YORDANOV,Alexander,Group of the European People's Party (Christian Democrats),Bulgaria,,22.38,3.18,13
STRUGARIU,Ramona,Renew Europe Group,Romania,@RamonaStrugariu,13.8,11.67,13
VERHEYEN,Sabine,Group of the European People's Party (Christian Democrats),Germany,@sabineverheyen,1.01,24.4,13
GHINEA,Cristian,Renew Europe Group,Romania,@GhineaMEP,9.12,15.92,13
PORĘBA,Tomasz Piotr,European Conservatives and Reformists Group,Poland,@TomaszPoreba,0.62,24.4,13
MARTUSCIELLO,Fulvio,Group of the European People's Party (Christian Democrats),Italy,@fulviomartuscie,6.67,18.04,12
BRUNA,Annika,Identity and Democracy Group,France,@annikabrunaUE,17.26,7.43,12
DE MEO,Salvatore,Group of the European People's Party (Christian Democrats),Italy,@salv_de_meo,2.28,22.28,12
SCHUSTER,Joachim,Group of the Progressive Alliance of Socialists and Democrats in the European Parliament,Germany,@Schuster_MdEP,0,24.4,12
RUIZ DEVESA,Domènec,Group of the Progressive Alliance of Socialists and Democrats in the European Parliament,Spain,@DomenecD,0,24.4,12
VOSS,Axel,Group of the European People's Party (Christian Democrats),Germany,@AxelVossMdEP,0,24.4,12
MORTLER,Marlene,Group of the European People's Party (Christian Democrats),Germany,,0,24.4,12
SARYUSZ-WOLSKI,Jacek,European Conservatives and Reformists Group,Poland,,0,24.4,12
KÖSTER,Dietmar,Group of the Progressive Alliance of Socialists and Democrats in the European Parliament,Germany,,0,24.4,12
SZÁJER,József,Group of the European People's Party (Christian Democrats),Hungary,,0,24.4,12
STANISHEV,Sergei,Group of the Progressive Alliance of Socialists and Democrats in the European Parliament,Bulgaria,@SergeiStanishev,13.01,10.61,12
MADISON,Jaak,Identity and Democracy Group,Estonia,@JaakMadison,11.82,11.67,12
VÁZQUEZ LÁZARA,Adrián,Renew Europe Group,Spain,@AdrianVL1982,7.42,15.92,12
GÁL,Kinga,Group of the European People's Party (Christian Democrats),Hungary,,0,23.34,12
VILLANUEVA RUIZ,Idoia,Group of the European United Left - Nordic Green Left,Spain,@idoiaVR,0,23.34,12
MEBAREK,Nora,Group of the Progressive Alliance of Socialists and Democrats in the European Parliament,France,@MebarekNora,0,23.34,12
BIZZOTTO,Mara,Identity and Democracy Group,Italy,@marabizzotto,0,23.34,12
HLAVÁČEK,Martin,Renew Europe Group,Czechia,,0,23.34,12
TOŠENOVSKÝ,Evžen,European Conservatives and Reformists Group,Czechia,@EvzenTosenovsky,5.02,18.04,12
DZHAMBAZKI,Angel,European Conservatives and Reformists Group,Bulgaria,@djambazki,3.65,19.1,11
ANDROUËT,Mathilde,Identity and Democracy Group,France,@MAndrouet,11.99,10.61,11
HAVA,Mircea-Gheorghe,Group of the European People's Party (Christian Democrats),Romania,@MirceaHava,0,22.28,11
HORTEFEUX,Brice,Group of the European People's Party (Christian Democrats),France,@BriceHortefeux,0,22.28,11
SAGARTZ,Christian,Group of the European People's Party (Christian Democrats),Austria,,0,22.28,11
ARIMONT,Pascal,Group of the European People's Party (Christian Democrats),Belgium,@pascal_arimont,0,22.28,11
BERGER,Stefan,Group of the European People's Party (Christian Democrats),Germany,@DrStefanBerger,5.12,16.98,11
MIHAYLOVA,Iskra,Renew Europe Group,Bulgaria,@Iskra_Mihaylova,0,21.49,11
CIUHODARU,Tudor,Group of the Progressive Alliance of Socialists and Democrats in the European Parliament,Romania,@TudorCiuhodaru,0,21.22,11
RAFALSKA,Elżbieta,European Conservatives and Reformists Group,Poland,@E_Rafalska,0,21.22,11
JERKOVIĆ,Romana,Group of the Progressive Alliance of Socialists and Democrats in the European Parliament,Croatia,@JerkovicRomana,0,21.22,11
KALINOWSKI,Jarosław,Group of the European People's Party (Christian Democrats),Poland,@jkalinowski_,0,21.22,11
KUHNKE,Alice,Group of the Greens/European Free Alliance,Sweden,@AliceBahKuhnke,0,21.22,11
HEIDE,Hannes,Group of the Progressive Alliance of Socialists and Democrats in the European Parliament,Austria,@HannesHeide,0,21.22,11
MANDERS,Antonius,Group of the European People's Party (Christian Democrats),Netherlands,@ToineMandersEP,0,21.22,11
ROBERTI,Franco,Group of the Progressive Alliance of Socialists and Democrats in the European Parliament,Italy,,0,21.22,11
HIDVÉGHI,Balázs,Group of the European People's Party (Christian Democrats),Hungary,@BalazsHidveghi,0,21.22,11
SOFO,Vincenzo,Identity and Democracy Group,Italy,,0,21.22,11
NART,Javier,Renew Europe Group,Spain,,0,21.22,11
ADEMOV,Asim,Group of the European People's Party (Christian Democrats),Bulgaria,@AdemovAsim,2.05,19.1,11
PAPADAKIS,Kostas,Non-attached Members,Greece,@kopapadakis,14.72,6.37,11
GANCIA,Gianna,Identity and Democracy Group,Italy,@giannagancia,13.3,7.43,10
WINZIG,Angelika,Group of the European People's Party (Christian Democrats),Austria,@AngelikaWinzig,3.2,16.98,10
POSPÍŠIL,Jiří,Group of the European People's Party (Christian Democrats),Czechia,@Pospisil_Jiri,8.49,11.67,10
ZULLO,Marco,Non-attached Members,Italy,@MarcoZullo,0,20.16,10
MIKSER,Sven,Group of the Progressive Alliance of Socialists and Democrats in the European Parliament,Estonia,@svenmikser,0,20.16,10
MAVRIDES,Costas,Group of the Progressive Alliance of Socialists and Democrats in the European Parliament,Cyprus,@MavridesCostas,0,20.16,10
GLÜCK,Andreas,Renew Europe Group,Germany,@Andi_Glueck,0,20.16,10
ARIAS ECHEVERRÍA,Pablo,Group of the European People's Party (Christian Democrats),Spain,,0,20.16,10
ADINOLFI,Isabella,Non-attached Members,Italy,@Isa_Adinolfi,0,20.16,10
GYŐRI,Enikő,Group of the European People's Party (Christian Democrats),Hungary,@EGyori,0,20.16,10
BEGHIN,Tiziana,Non-attached Members,Italy,@beghin_t,0,20.16,10
GIARRUSSO,Dino,Non-attached Members,Italy,@DinoGiarrusso,0.8,19.1,10
JÁRÓKA,Lívia,Group of the European People's Party (Christian Democrats),Hungary,@JarokaLivia,1.24,18.04,10
FURORE,Mario,Non-attached Members,Italy,@MarioFurore,0,19.1,10
ŽDANOKA,Tatjana,Group of the Greens/European Free Alliance,Latvia,@Tatjana_Zdanoka,0,19.1,10
KRUK,Elżbieta,European Conservatives and Reformists Group,Poland,@ElbietaKruk,0,19.1,10
SANTOS,Isabel,Group of the Progressive Alliance of Socialists and Democrats in the European Parliament,Portugal,,0,19.1,10
PAPADAKIS,Demetris,Group of the Progressive Alliance of Socialists and Democrats in the European Parliament,Cyprus,@DemPapadakis,0,19.1,10
SEEKATZ,Ralf,Group of the European People's Party (Christian Democrats),Germany,,0,19.1,10
DAVID,Ivan,Identity and Democracy Group,Czechia,,0,19.1,10
AZMANI,Malik,Renew Europe Group,Netherlands,@MalikAzmani,0,19.1,10
BIELAN,Adam,European Conservatives and Reformists Group,Poland,@AdamBielan,0,19.1,10
BOCSKOR,Andrea,Group of the European People's Party (Christian Democrats),Hungary,@AndreaBocskor,0,19.1,10
BLAGA,Vasile,Group of the European People's Party (Christian Democrats),Romania,@SenatulRomaniei,0,19.1,10
FRANKOWSKI,Tomasz,Group of the European People's Party (Christian Democrats),Poland,@TFrankowski21,10.26,8.49,9
RADEV,Emil,Group of the European People's Party (Christian Democrats),Bulgaria,@Emil_Radev,0,18.04,9
JURGIEL,Krzysztof,European Conservatives and Reformists Group,Poland,@ministerjurgiel,0,18.04,9
KARSKI,Karol,European Conservatives and Reformists Group,Poland,@profKarski,0,18.04,9
ZVER,Milan,Group of the European People's Party (Christian Democrats),Slovenia,@MilanZver,0,18.04,9
GLAVAK,Sunčana,Group of the European People's Party (Christian Democrats),Croatia,@SuncanaGlavak,0,18.04,9
KÓSA,Ádám,Group of the European People's Party (Christian Democrats),Hungary,@adamkosamep,0,18.04,9
HÖLVÉNYI,György,Group of the European People's Party (Christian Democrats),Hungary,@HolvenyiGyorgy,0,18.04,9
CIOCCA,Angelo,Identity and Democracy Group,Italy,@AngeloCiocca,2.05,15.92,9
FERRARA,Laura,Non-attached Members,Italy,@LFerraraM5S,0.8,16.98,9
HAHN,Svenja,Renew Europe Group,Germany,@svenja_hahn,5.94,11.67,9
LEXMANN,Miriam,Group of the European People's Party (Christian Democrats),Slovakia,@MiriamMLex,1.42,15.92,9
LEGA,David,Group of the European People's Party (Christian Democrats),Sweden,@DavidLega,11.7,5.31,9
KUBILIUS,Andrius,Group of the European People's Party (Christian Democrats),Lithuania,@AndriusKubilius,0,16.98,8
GEMMA,Chiara,Non-attached Members,Italy,@chgemma68,0,16.98,8
BALDASSARRE,Simona,Identity and Democracy Group,Italy,@SR_Baldassarre,0,16.98,8
FALCĂ,Gheorghe,Group of the European People's Party (Christian Democrats),Romania,@gfalca,0,16.98,8
KOVATCHEV,Andrey,Group of the European People's Party (Christian Democrats),Bulgaria,@andreykovatchev,0,16.98,8
HAKKARAINEN,Teuvo,Identity and Democracy Group,Finland,,0,16.98,8
MAYER,Georg,Identity and Democracy Group,Austria,@georgmayermep,0,16.98,8
JUKNEVIČIENĖ,Rasa,Group of the European People's Party (Christian Democrats),Lithuania,@RJukneviciene,7.24,9.55,8
VINCZE,Loránt,Group of the European People's Party (Christian Democrats),Romania,@vinczelorant,6.41,9.55,8
LÓPEZ GIL,Leopoldo,Group of the European People's Party (Christian Democrats),Spain,@LeopoldoLopezg,0,15.92,8
MOLNÁR,Csaba,Group of the Progressive Alliance of Socialists and Democrats in the European Parliament,Hungary,,0,15.92,8
PATRICIELLO,Aldo,Group of the European People's Party (Christian Democrats),Italy,@PatricielloAldo,0,15.92,8
TUDORACHE,Dragoş,Renew Europe Group,Romania,@IoanDragosT,0,15.92,8
PÎSLARU,Dragoș,Renew Europe Group,Romania,@dragos_pislaru,0,15.92,8
VOLLATH,Bettina,Group of the Progressive Alliance of Socialists and Democrats in the European Parliament,Austria,,0,15.92,8
SIMON,Sven,Group of the European People's Party (Christian Democrats),Germany,,0,15.92,8
ARA-KOVÁCS,Attila,Group of the Progressive Alliance of Socialists and Democrats in the European Parliament,Hungary,@AraKovacs,0,15.92,8
DÜPONT,Lena,Group of the European People's Party (Christian Democrats),Germany,@LenaDuepontMdEP,0,15.92,8
DUDA,Jarosław,Group of the European People's Party (Christian Democrats),Poland,@JaroslawDuda,4.74,10.61,8
PETER-HANSEN,Kira Marie,Group of the Greens/European Free Alliance,Denmark,@Kira_MP,0,15.12,8
ESTARÀS FERRAGUT,Rosa,Group of the European People's Party (Christian Democrats),Spain,@rosaestaras,0,14.85,7
KEMPA,Beata,European Conservatives and Reformists Group,Poland,@BeataKempa_MEP,0,14.85,7
SCHIRDEWAN,Martin,Group of the European United Left - Nordic Green Left,Germany,,0,14.85,7
GRAPINI,Maria,Group of the Progressive Alliance of Socialists and Democrats in the European Parliament,Romania,@MariaGrapini,0,14.85,7
CAROPPO,Andrea,Identity and Democracy Group,Italy,@caroppo_andrea,0,14.85,7
SOKOL,Tomislav,Group of the European People's Party (Christian Democrats),Croatia,,0,14.85,7
BĂSESCU,Traian,Group of the European People's Party (Christian Democrats),Romania,@tbasescu,0,14.85,7
BUSCHMANN,Martin,Non-attached Members,Germany,@bBschmannMartin,0,14.85,7
ČÍŽ,Miroslav,Group of the Progressive Alliance of Socialists and Democrats in the European Parliament,Slovakia,,0,14.85,7
BOTOŞ,Vlad-Marius,Renew Europe Group,Romania,@VladMarius88,0,14.85,7
KOKALARI,Arba,Group of the European People's Party (Christian Democrats),Sweden,@ArbaKokalari,7.19,7.43,7
CASANOVA,Massimo,Identity and Democracy Group,Italy,@MassimoCasanov3,0,13.79,7
MAXOVÁ,Radka,Renew Europe Group,Czechia,@radkamaxova,0,13.79,7
SLABAKOV,Andrey,European Conservatives and Reformists Group,Bulgaria,,0,13.79,7
MILAZZO,Giuseppe,Group of the European People's Party (Christian Democrats),Italy,@giuseppemilaz11,0,13.79,7
NISTOR,Gheorghe-Vlad,Group of the European People's Party (Christian Democrats),Romania,,0,13.79,7
JURZYCA,Eugen,European Conservatives and Reformists Group,Slovakia,@EugenJurzyca,0,13.79,7
HAIDER,Roman,Identity and Democracy Group,Austria,,0,13.79,7
KOVAŘÍK,Ondřej,Renew Europe Group,Czechia,@OKovarikMEP,0,13.79,7
ROOKEN,Rob,European Conservatives and Reformists Group,Netherlands,@rooken,0,13.79,7
FRANZ,Romeo,Group of the Greens/European Free Alliance,Germany,@RomeoFranz1,1.58,11.67,7
ZARZALEJOS,Javier,Group of the European People's Party (Christian Democrats),Spain,@FZarzalejos,0.16,12.73,6
MANDA,Claudiu,Group of the Progressive Alliance of Socialists and Democrats in the European Parliament,Romania,@Claudiu_Manda,0,12.73,6
LUNDGREN,Peter,European Conservatives and Reformists Group,Sweden,,0,12.73,6
CARÊME,Damien,Group of the Greens/European Free Alliance,France,@damienCAREME,0,12.73,6
ŠTEFANEC,Ivan,Group of the European People's Party (Christian Democrats),Slovakia,@IvanStefanec,0,12.73,6
VUOLO,Lucia,Identity and Democracy Group,Italy,@LuciaVuoloEU,0,12.73,6
SASSOLI,David Maria,Group of the Progressive Alliance of Socialists and Democrats in the European Parliament,Italy,,0,12.73,6
FIDANZA,Carlo,European Conservatives and Reformists Group,Italy,@FidanzaCarlo,0,12.73,6
STANCANELLI,Raffaele,European Conservatives and Reformists Group,Italy,,0,12.73,6
KIZILYÜREK,Niyazi,Group of the European United Left - Nordic Green Left,Cyprus,@NKizilyurek,6.14,6.37,6
ĎURIŠ NICHOLSONOVÁ,Lucia,European Conservatives and Reformists Group,Slovakia,@LNicholsonova,0.8,11.67,6
PROCACCINI,Nicola,European Conservatives and Reformists Group,Italy,@NProcaccini,4.79,7.43,6
MELBĀRDE,Dace,European Conservatives and Reformists Group,Latvia,@Dace_Melbarde,0,11.67,6
TRÓCSÁNYI,László,Group of the European People's Party (Christian Democrats),Hungary,@trocsanyi,0,11.67,6
MARIANI,Thierry,Identity and Democracy Group,France,@thierryMARIANI,0,11.67,6
PIGNEDOLI,Sabrina,Non-attached Members,Italy,@SabriPignedoli,0,11.67,6
HERZBERGER-FOFANA,Pierrette,Group of the Greens/European Free Alliance,Germany,@DrPierrette,0,11.67,6
ADINOLFI,Matteo,Identity and Democracy Group,Italy,@adinolfi_matteo,0,11.67,6
BOGDAN,Ioan-Rareş,Group of the European People's Party (Christian Democrats),Romania,@BogdanRogin,0,11.67,6
SINČIĆ,Ivan Vilibor,Non-attached Members,Croatia,,0,11.67,6
POLLÁK,Peter,Group of the European People's Party (Christian Democrats),Slovakia,@DrPeterPollak,0,11.67,6
HAJŠEL,Robert,Group of the Progressive Alliance of Socialists and Democrats in the European Parliament,Slovakia,@RobertHajsel,0.97,10.61,6
GYÖNGYÖSI,Márton,Non-attached Members,Hungary,@GyongyosiMarton,9.25,2.12,6
BECK,Gunnar,Identity and Democracy Group,Germany,@gunnar_beck,6.53,4.24,5
GEORGOULIS,Alexis,Group of the European United Left - Nordic Green Left,Greece,@AlexisMep,2.18,8.49,5
STEGRUD,Jessica,European Conservatives and Reformists Group,Sweden,,0,10.61,5
KONSTANTINOU,Athanasios,Non-attached Members,Greece,,0,10.61,5
TARDINO,Annalisa,Identity and Democracy Group,Italy,@TardinoAnnalisa,0,10.61,5
PANZA,Alessandro,Identity and Democracy Group,Italy,@alepanzaoff,0,10.61,5
JAKELIŪNAS,Stasys,Group of the Greens/European Free Alliance,Lithuania,@sjakeliunas,0,10.61,5
PIRBAKAS,Maxette,Identity and Democracy Group,France,@MaxettePirbakas,0,10.61,5
TUDOSE,Mihai,Group of the Progressive Alliance of Socialists and Democrats in the European Parliament,Romania,@MihaiTudosePM,0,9.55,5
ZAMBELLI,Stefania,Identity and Democracy Group,Italy,@ZambelliLega,0,9.55,5
GEORGIOU,Giorgos,Group of the European United Left - Nordic Green Left,Cyprus,@ggeorgiougr,0,8.49,4
VILIMSKY,Harald,Identity and Democracy Group,Austria,@vilimsky,0,8.49,4
MALDEIKIENĖ,Aušra,Group of the European People's Party (Christian Democrats),Lithuania,@maldeikiene,2.19,5.31,4
DOBREV,Klára,Group of the Progressive Alliance of Socialists and Democrats in the European Parliament,Hungary,@DobrevKlara,0,7.43,4
KOFOD,Peter,Identity and Democracy Group,Denmark,@KofodPeter,0,7.43,4
FEST,Nicolaus,Identity and Democracy Group,Germany,@Nicolaus_Fest,0,7.43,4
GRANT,Valentino,Identity and Democracy Group,Italy,@ValentinoGrant,0,7.43,4
BASSO,Alessandra,Identity and Democracy Group,Italy,@alebassoMEP,0,7.43,4
ROOKMAKER,Dorien,Non-attached Members,Netherlands,@RookmakerDorien,0,7.43,4
WISELER-LIMA,Isabel,Group of the European People's Party (Christian Democrats),Luxembourg,@iwiseler,1.33,5.31,3
PEREIRA,Sandra,Group of the European United Left - Nordic Green Left,Portugal,@Sandra_Pereira_,0,6.37,3
BLAŠKO,Hynek,Identity and Democracy Group,Czechia,,0,6.37,3
BERG,Lars Patrick,Identity and Democracy Group,Germany,@LarsPatrickBerg,0.74,5.31,3
FRAGKOS,Emmanouil,European Conservatives and Reformists Group,Greece,@e_fragkos,0.57,5.31,3
KUHS,Joachim,Identity and Democracy Group,Germany,@Joachim_Kuhs,0,5.31,3
ZIMNIOK,Bernhard,Identity and Democracy Group,Germany,@BernhardZimniok,2.51,2.12,2
REIL,Guido,Identity and Democracy Group,Germany,@GuidoReil,0,4.24,2
TOMAC,Eugen,Group of the European People's Party (Christian Democrats),Romania,@eugen_tomac,0,4.24,2
de GRAAFF,Marcel,Identity and Democracy Group,Netherlands,@MJRLdeGraaff,0,4.24,2
JALKH,Jean-François,Identity and Democracy Group,France,@JFjalkh,0,4.24,2
RADAČOVSKÝ,Miroslav,Non-attached Members,Slovakia,@MiroslavRADAOV1,0,4.24,2
DE LA PISA CARRIÓN,Margarita,European Conservatives and Reformists Group,Spain,@MargaPisa,0.49,3.18,2
LAGOS,Ioannis,Non-attached Members,Greece,@iwlagos,0,3.18,2
GEUKING,Helmut,European Conservatives and Reformists Group,Germany,,0,3.18,2
DE MAN,Filip,Identity and Democracy Group,Belgium,,0,3.18,2
BONFRISCO,Anna,Identity and Democracy Group,Italy,@BonfriscoAnna,0,3.18,2
KOLAKUŠIĆ,Mislav,Non-attached Members,Croatia,@mislavkolakusic,0,2.12,1
ANDERSON,Christine,Identity and Democracy Group,Germany,,0,2.12,1
NIKOLAOU-ALAVANOS,Lefteris,Non-attached Members,Greece,,0,1.06,1
UHRÍK,Milan,Non-attached Members,Slovakia,@Milan_Uhrik,0,0,0
RIPA,Manuela,Non-attached Members,Germany,,0,0,0